loginId,password,id
login_10,pw_d3d9446802a44259755d38e6d163e820,76
login_11,pw_6512bd43d9caa6e02c990b0a82652dca,77
login_12,pw_c20ad4d76fe97759aa27a0c99bff6710,78
login_13,pw_c51ce410c124a10e0db5e4b97fc2af39,79
login_14,pw_aab3238922bcc25a6f606eb525ffdc56,80
login_15,pw_9bf31c7ff062936a96d3c8bd1f8f2ff3,81
login_16,pw_c74d97b01eae257e44aa9d5bade97baf,82
login_17,pw_70efdf2ec9b086079795c442636b55fb,83
login_18,pw_6f4922f45568161a8cdf4ad2299f6d23,84
login_19,pw_1f0e3dad99908345f7439f8ffabdffc4,85
login_20,pw_98f13708210194c475687be6106a3b84,86
login_21,pw_3c59dc048e8850243be8079a5c74d079,87
login_22,pw_b6d767d2f8ed5d21a44b0e5886680cb9,88
login_23,pw_37693cfc748049e45d87b8c7d8b9aacd,89
login_24,pw_1ff1de774005f8da13f42943881c655f,90
login_25,pw_8e296a067a37563370ded05f5a3bf3ec,91
login_26,pw_4e732ced3463d06de0ca9a15b6153677,92
login_27,pw_02e74f10e0327ad868d138f2b4fdd6f0,93
login_28,pw_33e75ff09dd601bbe69f351039152189,94
login_29,pw_6ea9ab1baa0efb9e19094440c317e21b,95
login_30,pw_34173cb38f07f89ddbebc2ac9128303f,96
login_31,pw_c16a5320fa475530d9583c34fd356ef5,97
login_32,pw_6364d3f0f495b6ab9dcf8d3b5c6e0b01,98
login_33,pw_182be0c5cdcd5072bb1864cdee4d3d6e,99
login_34,pw_e369853df766fa44e1ed0ff613f563bd,100
login_35,pw_1c383cd30b7c298ab50293adfecb7b18,101
login_36,pw_19ca14e7ea6328a42e0eb13d585e4c22,102
login_37,pw_a5bfc9e07964f8dddeb95fc584cd965d,103
login_38,pw_a5771bce93e200c36f7cd9dfd0e5deaa,104
login_39,pw_d67d8ab4f4c10bf22aa353e27879133c,105
login_40,pw_d645920e395fedad7bbbed0eca3fe2e0,106
login_41,pw_3416a75f4cea9109507cacd8e2f2aefc,107
login_42,pw_a1d0c6e83f027327d8461063f4ac58a6,108
login_43,pw_17e62166fc8586dfa4d1bc0e1742c08b,109
login_44,pw_f7177163c833dff4b38fc8d2872f1ec6,110
login_45,pw_6c8349cc7260ae62e3b1396831a8398f,111
login_46,pw_d9d4f495e875a2e075a1a4a6e1b9770f,112
login_47,pw_67c6a1e7ce56d3d6fa748ab6d9af3fd7,113
login_48,pw_642e92efb79421734881b53e1e1b18b6,114
login_49,pw_f457c545a9ded88f18ecee47145a72c0,115
login_50,pw_c0c7c76d30bd3dcaefc96f40275bdc0a,116


